{
    "models": [
        "逻辑回归",
        "高斯朴素贝叶斯",
        "AdaBoost"
    ],
    "weights": [
        0.3333333333333333,
        0.3333333333333333,
        0.3333333333333333
    ],
    "validation_auc": 0.8292383292383293
}