{
    "models": [
        "逻辑回归",
        "AdaBoost",
        "XGBoost"
    ],
    "weights": [
        0.45630778496541263,
        0.030127194850023457,
        0.513565020184564
    ],
    "thresholds": {
        "逻辑回归": 0.7706002712386508,
        "AdaBoost": 0.6860870791607655,
        "XGBoost": 0.8668409585952759,
        "Ensemble": 0.8018056780912345
    },
    "validation_auc": 0.7953488372093023,
    "validation_logloss": 0.3933051996660072
}