{
    "models": [
        "CatBoost",
        "XGBoost",
        "AdaBoost"
    ],
    "weights": [
        0.3333333333333333,
        0.3333333333333333,
        0.3333333333333333
    ],
    "validation_auc": 0.8636363636363636
}